race,gender,height,age,score,payment
white,male,74.42443878,45,16,50000
white,female,65.53754283,58,16,60000
white,female,63.62919774,29,16,30000
other,female,63.10856168,91,16,50000
white,female,63.40248357,39,17,51000
white,female,64.39950754,26,15,9000
white,female,61.65632583,49,12,29000
white,male,72.69854374,46,17,32000
hispanic,male,72.03946685,21,15,2000
white,male,72.23493256,26,12,27000
white,male,69.51214643,65,16,6530
white,male,68.03160826,34,11,30000
white,male,67.55693392,27,12,12000
white,female,65.43058708,51,12,12000
white,female,65.66285452,35,16,22000
white,male,67.75876874,58,12,17000
white,female,68.35184258,29,14,40000
white,male,69.6095718,44,13,44000
black,female,64.18456568,55,12,7000
black,male,73.07460915,35,13,53000
white,female,62.37552702,51,13,5000
white,female,63.02393011,21,14,14000
white,male,67.22990391,22,14,5500
white,female,65.5511078,41,12,40000
white,male,72.07964539,45,12,34000
black,female,63.09113008,35,12,10000
white,female,64.32354892,60,16,27000
white,male,71.64285283,38,16,50000
white,male,76.79309468,33,16,41000
white,female,63.89391433,25,14,15000
white,female,63.80262307,33,12,25000
white,male,71.59223144,39,17,75000
white,male,67.52196348,31,17,27000
white,female,64.39435148,26,12,12000
white,female,61.17822266,78,14,7500
black,female,66.9838783,31,14,30000
white,female,65.31645577,57,12,21000
white,female,63.57418515,26,14,27000
white,female,66.61100048,65,15,3000
white,female,64.91175508,30,12,25000
white,female,64.78967998,41,12,24000
white,female,66.93769065,29,18,32000
white,female,68.17281295,30,17,10000
hispanic,female,60.45065992,21,12,11000
white,female,64.79325356,32,13,18700
white,female,61.814919,29,12,20000
white,male,71.57214531,18,10,3500
black,male,67.31440583,56,8,13000
white,male,69.89987336,65,12,25000
white,male,69.76170202,41,17,21000
white,female,67.74647103,49,17,34000
white,female,60.19022153,65,12,6000
white,male,71.00649988,28,12,17000
white,male,71.16679813,32,12,35000
white,male,72.73562987,18,13,4000
white,female,68.13822311,55,14,14000
white,female,66.37981124,57,12,10000
white,male,69.23278453,29,16,25000
white,female,63.2739378,27,14,16000
hispanic,male,61.82776272,28,14,16000
white,female,64.22120921,43,14,16500
white,female,63.84126511,68,9,4000
white,female,66.97477013,52,9,3840
white,male,71.45148909,39,12,22000
white,female,59.61264626,53,16,200
white,female,65.79938553,27,16,26000
white,female,66.45804053,21,15,2500
white,female,64.60288039,39,14,17000
white,female,70.44048147,22,13,8000
white,female,65.92281351,68,13,12000
white,female,61.85682685,47,12,10000
white,female,65.78444016,67,15,10000
white,male,71.83127984,39,12,15000
hispanic,female,67.04532929,39,8,2400
hispanic,male,68.30550608,32,12,30000
white,male,70.02545976,33,12,30000
white,female,61.81038588,38,12,10000
white,female,62.951071,26,13,5000
white,female,65.82113696,63,13,12000
white,female,70.39754819,61,10,20000
white,female,68.37778444,36,12,20000
white,male,69.93269988,23,14,20000
white,female,66.17180593,20,12,1200
white,female,68.4563631,32,16,700
white,male,69.90385751,27,16,20000
hispanic,female,61.14965798,22,12,10000
white,female,63.36334633,73,12,30000
white,female,64.1470838,56,14,40000
white,male,67.31839041,89,12,25000
white,female,60.67493605,79,17,10000
white,female,68.84090254,63,18,60000
white,female,67.68273051,66,12,18000
white,female,64.49676858,33,12,16040
black,female,66.81240419,30,14,15000
white,male,68.74643775,23,17,10000
white,female,67.06764906,43,13,33000
white,female,68.13799301,30,12,18000
white,female,63.34289679,37,12,15000
white,male,71.38666631,22,12,21000
black,female,63.98833702,43,17,21000
white,male,68.48638652,37,11,37000
white,female,67.5161435,44,17,38000
hispanic,female,65.60084375,43,14,17000
white,male,76.80019394,30,16,32000
white,female,67.10538079,58,12,27500
white,female,62.15164343,44,12,16500
white,female,66.86762426,35,18,25000
white,female,61.04220253,43,18,27000
white,female,64.12328577,28,12,5000
white,female,61.54481517,38,16,70000
white,female,62.55623639,40,12,5000
white,male,68.16376557,24,16,5000
white,female,63.65512749,26,15,20000
white,male,72.37351729,21,15,4000
white,female,64.14708239,35,16,60000
white,female,61.32669975,31,13,5000
white,male,74.36639644,38,12,30000
white,male,70.21016202,35,14,70000
white,male,71.10618803,41,16,50000
white,female,62.59484404,39,12,44000
white,female,64.05496477,43,14,30000
white,female,61.57361885,40,16,10000
white,female,70.48019939,42,17,23000
white,male,71.18590697,62,17,45000
white,male,71.43363842,31,14,15000
white,female,70.22884859,71,14,4000
white,male,67.28085804,31,14,17000
white,female,63.7586912,32,12,30000
white,female,67.08651561,30,12,27500
white,female,61.67959788,69,8,5688
hispanic,female,62.28599832,56,13,18000
black,male,68.29247687,44,13,43000
black,female,61.58948255,44,14,32000
black,female,68.41773519,56,18,10000
white,male,73.99125513,45,13,60000
other,female,67.56107232,50,12,21000
white,female,62.33792965,22,16,2400
white,female,66.2400089,28,15,1000
white,male,68.09847275,27,12,27000
hispanic,female,59.77086973,28,14,6600
white,male,68.06338056,43,8,16000
white,male,71.68014805,26,12,90000
white,female,66.35970835,42,12,8000
white,male,68.35625823,32,10,20000
white,female,68.45654248,18,12,15000
white,female,68.78610429,60,12,12000
white,female,64.10224266,46,16,24000
white,female,65.11348548,39,14,20000
white,female,60.64918584,46,12,19000
white,male,72.12570299,49,12,10000
white,female,65.51073007,34,16,40000
white,male,67.93189831,64,14,25000
white,male,70.44492324,24,12,25000
white,male,71.36585446,32,14,25000
white,male,71.12507331,61,16,19000
white,male,68.16013681,48,16,44000
white,female,60.11332769,49,14,15000
white,female,62.78819755,36,12,17000
white,male,68.07772188,56,12,24000
white,female,64.05084212,37,12,23000
white,male,69.71579638,74,12,13000
white,male,68.22067254,46,16,65000
white,female,60.8838595,63,12,7000
white,male,68.4075397,63,18,40000
white,female,66.00197998,43,17,15000
white,male,69.79788991,25,16,20000
white,male,71.01071134,50,12,20000
white,female,65.14241075,42,12,20000
white,female,65.96710882,49,12,25000
white,male,69.9905326,37,13,49000
white,female,61.8766772,65,12,25000
white,female,66.10888066,57,14,11000
white,female,61.05430546,38,15,16000
white,male,71.5635653,43,14,35000
white,male,74.34062243,45,18,125000
white,female,66.57698841,47,12,23000
white,female,66.11044315,28,16,17000
white,female,61.96568501,41,12,27000
white,male,71.74551166,32,14,70000
white,female,64.5622198,47,15,35000
white,female,60.19882039,62,12,10000
white,female,61.91637283,39,15,35000
white,female,66.41355202,38,12,15000
white,female,63.69852119,39,12,12000
white,male,71.29091446,68,12,8000
white,female,65.25375611,50,12,8000
white,male,73.00546124,50,18,35000
white,male,68.64007438,51,11,45000
white,female,64.38145247,22,14,15000
white,female,61.06026413,77,12,15000
white,female,66.78936466,51,18,24000
white,female,61.82929804,32,13,25000
black,female,62.60956008,54,14,25000
other,male,67.36465586,28,10,20000
white,female,68.01697138,24,12,24000
white,male,72.06414695,46,16,44000
white,male,70.10862394,38,12,69000
white,male,69.8524851,44,18,62000
black,male,67.45525096,32,14,32000
black,female,63.45312857,33,12,20000
other,female,66.29296545,35,18,32000
white,female,65.83479652,50,17,25000
white,male,71.01003448,45,18,170000
white,male,66.6194241,33,16,35000
black,male,75.56858877,38,16,40000
white,male,68.95219922,30,14,33000
white,female,65.34873405,22,12,18000
white,female,61.75211652,43,13,30000
white,female,61.76413236,31,12,26000
white,female,62.41146948,21,12,5000
white,female,61.90432912,73,16,20000
white,female,60.63860991,30,12,17000
white,female,64.82457719,28,14,32000
white,male,72.2707533,22,14,15000
white,male,71.67227516,55,14,50000
white,female,63.77092833,39,12,8000
white,male,70.78659305,51,14,40000
white,male,72.40979479,41,15,40000
white,male,66.08797906,34,12,32750
white,female,64.99932833,69,14,20000
black,female,64.52929961,39,15,36000
white,female,61.74268052,64,12,6000
black,female,65.84031021,34,14,12000
white,male,67.39964104,63,14,60000
white,female,64.02227361,44,13,40000
white,female,63.22614173,38,12,43000
white,female,67.49429822,34,16,45000
white,female,68.00212043,39,18,6000
other,female,63.85790609,82,10,8000
black,female,64.39506424,39,13,20000
black,male,66.43900757,23,12,17000
white,female,64.76537756,32,12,2000
white,male,64.53856172,28,12,65000
white,male,71.58592642,41,12,50000
white,female,68.34822168,38,12,11000
white,male,74.43320394,30,18,35000
white,male,63.21769643,33,12,27000
white,female,64.31431662,61,12,3500
white,male,68.15145984,37,12,42000
white,female,67.49495483,29,18,20000
white,female,67.31617222,29,12,15000
white,male,72.98672325,21,12,10000
white,male,70.49115537,78,8,6000
hispanic,female,64.8857528,23,16,17000
hispanic,male,68.54049155,65,16,35000
white,male,76.6806675,28,14,28000
white,female,67.69396242,33,12,15000
white,female,61.97133572,24,17,20000
white,female,64.21270273,29,12,20000
hispanic,male,67.222475,42,12,10500
white,male,69.90214232,22,16,13000
white,female,61.7774477,52,12,10000
white,female,63.08135136,37,12,3000
white,female,62.33486897,29,14,24000
white,female,68.69583535,35,13,17000
white,female,64.09801177,48,12,11000
white,female,69.03400468,40,14,32000
white,female,58.66031718,26,15,17000
other,female,66.22624865,35,12,3000
black,female,62.09125567,21,12,2100
black,male,75.13845111,34,11,3192
white,female,63.31427802,26,17,17000
white,female,64.55409959,28,13,30000
white,male,69.80036003,32,12,15000
white,female,67.84324762,42,16,24000
white,female,64.95007188,67,14,10000
white,male,69.21830674,53,8,50000
white,male,71.88612281,53,16,50000
white,female,63.52425581,49,17,20000
hispanic,female,62.67855806,54,18,30000
white,female,73.473942,45,14,22000
white,male,75.09407247,24,12,27000
white,female,64.77306344,38,12,4000
white,female,66.25352548,26,17,17500
white,female,66.39350909,28,14,16500
white,female,64.00329116,39,16,28000
white,female,65.57394208,50,18,52000
white,female,64.27616448,29,16,15000
white,female,62.64665984,32,13,19000
white,male,72.55973638,23,12,27000
white,male,71.78231297,58,8,15000
white,male,71.5038586,33,14,15000
white,female,64.1577521,55,12,14500
white,female,64.22768724,30,13,24000
white,male,67.79798123,36,15,18000
white,female,62.27895686,68,12,4000
white,female,68.50409571,57,13,4000
white,female,60.11268006,36,12,700
white,female,64.97932618,91,12,24000
white,male,75.9695087,39,12,27000
white,female,72.32790162,35,12,12000
white,female,61.76565051,47,18,22000
white,female,61.61640105,36,13,30000
white,male,70.55407798,61,12,35000
white,male,74.08119511,42,12,20000
white,female,65.47241732,32,16,32000
other,female,63.36531204,31,12,6000
white,female,66.85000424,39,12,12000
white,female,63.26609422,31,12,10000
white,female,64.74550613,18,12,1000
white,female,63.5420607,71,15,12000
white,female,64.92311015,36,12,16000
white,female,63.24200735,33,16,25000
white,female,69.52456131,27,12,25000
white,male,67.9780942,30,12,32000
white,male,66.54873709,43,14,35000
white,female,64.58870382,28,12,6000
white,male,68.76668589,44,14,80000
white,female,68.08388652,25,14,20000
white,female,65.81591352,38,17,1000
hispanic,male,71.40237607,38,13,28000
hispanic,male,63.76353788,23,16,26000
white,male,73.52538331,24,12,27000
white,female,61.9799861,41,13,18000
white,female,65.21052063,59,12,2000
white,male,69.37546825,66,12,20000
white,female,66.08656109,48,16,6000
white,male,66.52544197,63,11,25000
white,male,73.17216472,29,12,12000
white,male,76.18487998,57,12,12000
white,male,69.52562968,76,14,30000
black,female,62.87571202,22,15,4000
black,female,62.78291334,37,13,26000
black,male,70.0759173,35,12,23000
white,male,71.06307658,33,12,21000
white,female,65.22338374,62,12,25000
white,male,70.38000168,75,16,18000
white,female,63.24725319,44,13,4000
white,female,63.9208744,22,12,23900
white,female,64.32948225,40,18,35000
white,male,66.73038611,30,14,26000
white,male,66.49049372,36,16,25000
white,female,68.01891074,27,13,23500
white,female,65.22521516,22,12,12000
white,female,67.12424549,20,12,15000
white,male,72.93587851,23,17,3000
white,female,63.57960801,67,12,6000
white,male,71.44772069,69,12,14000
white,female,63.28314033,31,16,15000
white,male,70.58955303,48,16,175000
white,male,73.37096183,25,18,1000
white,female,64.68888731,63,14,10000
white,male,65.92309398,82,13,45000
white,female,65.84831739,81,12,15000
white,female,59.20287276,41,13,20000
white,male,69.99012214,30,16,35000
white,male,71.66564428,28,16,40000
white,female,64.20182636,72,12,35000
white,female,66.06454823,54,16,50000
white,male,69.66688449,57,18,1.00E+05
white,male,68.56316227,28,13,35000
white,female,67.72061326,35,12,24000
white,male,73.8310986,43,17,35000
white,male,72.53878017,74,16,38000
white,male,67.2427707,52,12,30000
hispanic,female,63.98628404,39,12,5000
white,male,66.74019514,38,18,148000
white,male,69.77328675,32,12,30000
white,female,63.7568558,31,15,6500
white,female,61.55947889,37,16,3000
white,male,69.29716996,69,18,23000
white,male,68.47820894,41,17,40000
white,male,72.11036806,39,14,30000
white,female,63.1064127,37,12,14000
white,female,68.71668269,34,12,15000
white,female,64.00636885,36,18,26000
white,female,71.00963535,25,12,8000
black,female,63.84401906,27,16,24000
white,male,66.1007056,67,8,5124
white,female,60.9749902,25,15,10000
white,female,67.755097,32,16,12000
white,male,68.45831137,34,17,50000
white,female,63.80380337,26,13,23000
black,male,65.70889054,34,14,40000
black,female,61.93158335,26,13,6000
black,female,65.32257377,30,16,5000
white,male,65.96503808,37,18,110000
hispanic,male,72.04235967,32,13,41000
white,female,62.5702349,78,13,23000
white,male,70.43141038,23,12,21000
white,female,62.32130605,29,12,4000
white,male,70.70824022,36,12,25000
white,male,70.27754766,46,18,30000
white,female,63.87067902,51,11,14000
white,female,63.47753891,35,12,6000
white,female,64.59347958,46,12,14000
white,male,70.51343766,27,12,43000
white,female,61.70051979,33,15,25000
white,male,72.55342775,66,12,40000
white,male,67.58730646,40,17,65000
white,male,76.15186604,32,15,16000
white,female,65.57774506,71,12,8000
white,female,64.22911509,39,15,20000
white,female,60.31367815,72,14,14000
white,male,68.13746662,74,12,45000
white,female,60.94487115,72,11,8000
white,male,66.02237734,28,12,12000
white,female,62.88533313,31,14,8000
white,female,62.67241315,32,15,16000
white,male,73.68753599,73,15,6000
white,male,70.10196227,32,12,19000
white,female,68.3032382,39,13,21000
white,female,69.52018367,46,18,43000
white,male,68.71778433,21,15,35000
white,male,70.49465352,75,10,8000
white,female,62.77759649,41,14,21000
white,female,65.12696483,30,12,5800
white,male,69.34231463,46,12,17000
white,male,67.54424952,49,14,24000
white,female,62.34081167,71,11,5000
white,female,66.17609718,23,12,11000
white,male,65.45162442,27,13,10000
white,male,69.7853576,36,14,40000
white,male,70.46078553,47,12,40000
black,female,65.75425935,29,14,24000
white,male,68.49063707,26,16,24000
white,male,68.13681045,33,16,20000
white,male,69.74408659,50,18,60000
white,female,64.55672948,47,13,11000
white,female,64.39143327,40,15,5000
white,female,65.29905895,30,16,27000
white,male,76.53779724,41,16,89000
white,male,70.024277,28,14,40000
white,female,64.45588099,26,16,15000
white,female,64.1782932,20,14,1000
white,female,64.37256281,60,12,22000
white,female,63.68146212,48,8,12000
white,female,62.56620838,28,16,22000
black,female,57.50321861,56,12,40000
white,female,62.02661927,44,16,40000
hispanic,female,64.45005447,53,14,35000
white,female,63.63646056,28,12,7000
white,female,62.23201909,37,12,14000
white,female,64.01304285,56,12,15000
white,female,65.88741351,34,13,6000
black,female,69.29444166,41,12,11000
white,female,64.34100456,31,13,10000
white,male,70.70352478,41,14,20000
white,female,62.08914548,73,12,7000
white,male,68.29980498,46,9,38000
white,male,67.80439419,58,9,29000
white,female,61.776271,44,10,20000
white,female,62.51286538,57,12,8000
white,male,68.73131542,51,16,36000
white,female,67.04634149,44,12,1500
white,female,64.29710476,29,18,42000
white,male,70.38619011,22,12,25000
white,male,68.95556828,20,10,13000
black,male,69.24640147,51,11,30000
white,male,68.57202318,23,12,7000
black,female,59.84566491,48,12,31000
black,female,66.42150143,42,12,15000
white,male,66.63238097,49,16,50000
white,male,66.24960206,20,15,5000
black,female,70.23858997,18,12,600
black,female,64.48860812,51,8,14000
other,female,59.97166707,35,18,40000
white,male,68.26500169,36,18,24000
black,male,72.73850424,24,12,22000
white,male,71.86160035,36,8,20000
white,female,63.75192555,38,12,20112
white,male,67.34015376,67,13,12000
white,female,67.24024956,40,13,41000
black,male,71.46243117,50,9,13000
white,male,72.73708475,31,16,60000
white,male,70.28583466,25,16,24000
white,male,70.0634253,36,16,38000
white,female,71.1316877,27,14,3000
white,female,65.96479942,30,12,13000
white,male,74.80272686,21,12,5000
white,female,60.2632445,37,14,20000
white,male,72.45994044,28,12,22000
black,male,74.7883401,55,9,28000
white,female,59.80481763,41,12,22000
black,male,73.43138116,44,12,30000
black,female,64.59752321,32,12,30000
white,male,67.11169779,31,16,30000
white,female,61.05399799,69,12,32000
white,female,69.28213398,43,17,26000
white,female,64.41598486,34,14,22000
white,male,70.34137906,33,12,25000
white,female,67.63296349,24,10,11000
white,female,62.18865142,53,12,13000
white,female,63.78784831,42,15,10000
white,female,67.58145525,45,12,12000
white,female,63.51530736,64,11,7000
white,male,72.64023981,37,14,57000
white,male,72.82462226,37,16,36000
hispanic,male,69.40743355,29,14,29000
white,female,68.29109713,19,13,8000
black,male,70.64524331,18,11,3000
white,female,66.13450296,41,16,20000
white,male,66.37325909,57,12,33000
hispanic,female,68.30015174,68,12,15000
white,male,70.29627664,33,12,16000
white,female,61.82133567,78,12,5000
white,female,65.75499999,43,14,8000
black,female,63.02599124,34,16,32000
white,male,74.5177944,24,12,14500
white,female,66.59653847,29,12,13000
white,female,62.63597647,25,9,7000
black,female,64.7152633,65,18,50000
black,female,69.20171718,35,12,12000
white,male,71.47207954,61,14,19000
white,female,61.90177914,55,12,9000
black,female,64.74550731,35,12,20000
hispanic,male,71.71051989,35,18,55000
white,female,64.90903164,40,12,10000
white,female,63.15414848,19,12,13000
white,female,63.9767702,31,13,20000
white,male,71.58898688,26,12,30000
white,female,63.59625609,34,12,12000
white,female,70.06810197,33,13,26000
white,female,64.97474649,27,12,12500
white,female,64.31370646,29,12,8000
hispanic,female,64.20907587,32,16,15000
white,male,66.97400253,25,14,65000
white,male,73.18381262,21,10,25000
hispanic,male,72.53886616,21,14,8000
other,male,64.50500123,21,14,15000
white,female,63.93105347,40,16,12000
black,female,67.08204054,37,13,35000
white,male,66.61123427,31,16,40000
white,male,73.89561864,22,12,29000
white,female,63.44260609,31,13,15000
white,male,73.68861017,36,12,20000
black,male,73.91112601,62,6,3000
black,female,63.08713388,19,16,1000
black,female,62.03632573,23,11,8000
white,female,62.45248348,18,12,5000
white,female,67.03789686,27,16,25000
white,male,68.5933096,57,12,20000
white,male,72.67425324,34,12,30000
white,female,62.87129072,35,12,12000
white,female,67.2233493,32,14,10000
white,male,69.39067215,19,12,16000
white,male,71.41330153,29,12,45000
white,male,72.08595713,54,14,40000
white,male,70.21479284,81,14,25000
white,female,64.30326126,52,14,19000
white,female,64.13060127,30,16,17600
white,male,67.91111915,67,12,7000
white,male,74.3458905,32,12,30000
white,female,61.8189569,47,11,18000
white,female,65.12869438,47,16,25000
white,female,59.96125293,62,5,6000
white,male,69.38679157,42,18,70000
other,female,60.7515004,34,16,15000
white,female,64.93232833,33,17,25000
white,female,66.2033999,28,16,35000
white,male,69.91582674,24,16,18000
black,male,71.56571053,30,15,28000
hispanic,female,63.90538101,21,11,15000
hispanic,male,71.33306113,28,14,22000
white,male,73.3903852,30,12,35000
black,female,64.03798392,46,15,18000
white,male,67.84231027,37,14,35000
black,female,64.25282195,21,12,16400
black,male,65.64794502,37,16,22000
white,female,66.54676917,58,16,30000
hispanic,female,64.12242415,27,12,17000
black,female,64.11059879,36,14,25000
white,female,62.21865695,51,12,10000
white,male,68.94601606,37,12,40000
white,female,63.24088156,63,12,12500
white,male,72.39141051,45,15,35000
white,male,74.58005058,49,12,105000
white,male,69.52920171,40,18,1.00E+05
white,male,69.33475947,51,12,21000
white,female,64.01762884,56,14,10000
white,male,71.93661366,26,12,33000
white,male,69.46231403,25,18,26000
white,female,63.07906693,78,10,60000
white,male,71.11434383,45,16,18000
white,female,59.34177917,61,8,15000
white,male,68.31486156,20,13,5000
white,male,77.05128181,42,17,60000
white,female,68.41967915,69,14,12000
black,male,69.67200995,38,18,28000
white,male,69.28192155,43,18,42000
white,female,62.73898997,33,12,2000
black,male,72.79469156,33,18,20000
other,male,66.12674042,40,15,28000
black,male,72.19214776,62,17,10000
black,male,72.22431795,31,12,31000
black,female,68.98432253,37,13,17000
white,female,67.17655378,39,12,16000
white,female,65.67095384,38,15,35000
white,female,67.34624967,26,12,3000
white,female,67.53277906,39,18,16000
black,female,64.57748965,42,15,35000
black,female,61.5843523,33,17,27000
white,male,69.38511968,29,17,25000
white,male,69.6098165,41,16,40000
white,female,66.07182778,43,16,45000
white,male,65.85618241,23,12,14000
white,female,66.39505478,37,14,25000
white,male,71.84415349,42,12,40000
white,male,68.898932,35,12,34000
white,male,65.7557775,34,12,40000
white,male,69.4494558,28,14,35000
hispanic,female,60.15629834,51,12,12000
white,female,64.56873093,43,17,30000
white,female,61.58791712,40,12,23000
white,female,67.07978698,30,12,2000
white,male,67.21213937,25,14,20000
black,female,67.83994129,62,9,10000
black,female,65.61768094,43,16,60000
black,male,74.24347069,41,16,12000
white,female,65.47813016,61,18,25000
black,female,62.88988361,73,14,22000
white,male,68.10779016,25,17,8000
white,female,66.39805636,21,16,2000
white,female,65.49677824,26,16,18600
white,female,61.54579592,20,14,20000
white,male,72.62915924,37,18,1.00E+05
white,female,61.89057924,40,15,50000
white,male,69.81381477,42,12,27000
black,female,58.27594231,58,12,1000
white,male,68.37146948,20,12,18000
white,female,67.35070218,23,14,17000
white,female,63.83751164,74,12,10000
white,male,70.3615257,35,14,14000
white,male,72.495875,66,14,7200
white,female,63.19195635,39,17,33000
white,male,66.26428261,34,12,23000
white,female,64.88321213,41,12,10000
white,male,60.58631015,24,12,22000
hispanic,female,60.81703939,19,12,13000
white,female,67.20152906,31,12,33000
white,male,73.1152229,36,12,36000
black,female,70.52104142,32,14,10000
white,female,64.49766114,60,12,6000
white,female,66.64803022,43,12,12000
white,female,62.07149451,47,11,10000
white,female,67.40431454,45,12,21000
white,male,68.69590364,32,12,26000
black,female,66.06554686,50,12,22000
black,female,66.18482221,54,15,23000
white,male,66.44448989,24,15,20000
white,female,65.5093939,38,13,10000
white,female,64.06471744,71,12,15000
black,male,72.1181012,24,14,7000
white,female,64.1390078,38,12,15000
white,female,64.75169749,34,16,26000
white,male,72.20326222,31,11,10000
white,male,71.00608889,20,14,3000
hispanic,female,64.19494963,41,17,27000
white,female,63.65897829,25,17,28000
white,female,66.86213471,27,12,15000
white,male,75.18170345,30,18,55000
hispanic,female,65.86811152,26,17,20000
white,female,67.14264687,44,12,8500
white,male,70.58245239,30,16,30000
white,female,68.35425711,31,12,20000
white,male,70.44055542,75,6,22000
white,male,66.50503942,26,16,25000
white,male,70.50765399,22,8,3000
white,female,62.66823347,49,12,16000
black,female,61.04436005,39,12,10000
black,female,64.86502204,28,12,15000
white,male,67.24574087,46,12,28000
white,male,64.93866724,35,14,31500
white,male,65.68956982,52,18,95000
white,male,66.51239109,40,12,38000
white,male,74.21723686,41,12,30000
white,male,73.80273412,42,16,35900
white,female,66.28296561,22,13,12000
white,female,68.93079913,25,16,10000
white,female,66.09704059,44,18,45000
white,male,74.36389287,56,16,40000
white,male,72.37948844,27,12,21500
white,male,65.61603151,62,12,14000
other,male,66.52628812,54,17,38000
white,female,64.73345227,18,12,1000
white,male,66.37034143,73,12,14000
white,female,64.52285291,31,12,15000
white,female,67.82326222,42,13,24000
white,female,64.15133296,23,16,4500
white,female,64.35311248,63,16,18000
white,female,63.33756781,20,12,14000
white,female,68.97626725,28,12,10000
white,female,67.44008081,32,12,9500
white,female,62.95530205,66,15,11000
white,male,66.8560475,67,12,17000
white,female,59.82543622,28,13,6000
white,female,61.85860073,58,11,2500
white,male,72.4413494,41,16,40000
white,male,66.60468819,39,16,25000
black,female,66.39670809,60,15,28000
black,female,66.38941684,45,12,33000
white,female,59.57194809,64,8,4000
white,male,65.33566923,30,16,4100
white,female,68.58467791,82,12,25000
white,male,71.66115132,28,12,32000
white,female,63.93732742,58,8,13000
hispanic,male,64.48913052,27,8,8000
white,female,64.24299939,38,12,17000
white,female,66.79826643,77,12,15000
white,male,65.99471334,32,13,18000
white,male,73.07390321,24,12,12000
white,male,73.82733129,49,7,7000
white,female,64.83539451,22,14,1200
white,male,63.11850535,21,12,14000
white,female,63.43202724,40,12,17000
white,male,66.34629464,42,12,30000
white,male,69.91938065,53,12,25000
hispanic,female,65.86858264,33,12,22000
white,female,63.44294333,21,12,15000
white,male,73.07806792,91,12,27000
white,female,63.01704851,26,16,20000
white,female,68.92439962,34,11,9000
white,male,73.14868992,30,12,17000
white,female,67.79395084,46,12,1800
white,female,63.62625213,46,12,18000
white,female,62.57749417,42,18,25000
black,male,70.10581654,41,16,20000
white,female,64.31608782,40,15,75000
white,female,65.75934616,40,12,3500
white,female,60.85752948,71,12,36000
white,male,72.05727335,25,12,30000
white,female,64.55148867,78,13,25000
white,female,64.24738829,26,14,1000
white,male,68.02361532,66,12,60000
white,male,73.8918808,76,13,35000
white,male,66.63394451,33,13,9000
white,male,69.86526583,84,9,35000
white,female,66.11650956,58,10,11000
white,male,71.34630163,52,12,12000
white,male,70.88307291,43,12,30000
black,male,71.47186022,57,7,19000
white,male,74.41811513,61,9,9000
white,male,74.69528974,29,16,30000
white,male,71.92581003,32,12,9000
hispanic,female,65.8553887,30,16,15000
black,female,64.52971896,31,12,8000
white,female,66.49254619,75,10,10000
white,male,71.70659219,37,12,33000
hispanic,female,60.09432292,28,12,12000
white,female,63.97286512,37,15,18000
white,female,64.81971324,61,13,30000
white,female,64.71229519,32,12,12500
black,female,61.97447489,36,12,10000
black,male,68.29414172,71,13,8500
black,male,73.4868732,46,14,21000
white,female,63.93751871,77,12,21000
white,female,68.21020169,25,17,21000
white,female,66.10163687,52,12,5000
white,female,71.22581068,36,17,22000
white,male,72.70184984,26,14,30000
white,female,61.4290826,58,14,123000
white,female,63.2471362,45,9,8000
white,female,64.36809799,25,9,2000
white,female,67.04140799,62,6,7600
white,female,63.1525118,25,12,10000
white,male,72.70740958,48,12,35000
white,female,66.07586724,57,16,15000
white,female,69.75552589,22,12,4000
white,male,67.89104991,24,8,16000
white,female,66.86190898,33,12,200
white,male,74.10504736,25,16,23000
white,female,63.60243927,27,16,16000
white,female,60.20714587,49,12,6000
white,female,59.45892731,46,9,600
other,male,74.59876803,34,16,28000
white,female,65.95294233,66,8,4000
white,male,64.16955276,35,12,15000
white,male,71.26409824,25,12,15000
white,female,63.12567884,30,12,25000
white,female,67.16629468,26,12,15000
white,male,68.58090437,44,11,40000
white,male,70.34383344,51,11,30000
white,female,66.38894105,29,12,5000
white,male,73.58718222,34,14,35000
white,female,64.78881687,31,14,16000
white,female,63.53548723,40,16,28000
white,male,67.63721605,42,15,20000
white,male,65.60212218,30,13,21000
black,male,68.83579629,42,12,17000
white,female,59.93189502,50,13,24000
white,female,60.79660297,75,12,25000
white,male,75.03413912,46,12,40000
white,female,63.93495649,19,13,8000
hispanic,female,62.74961652,45,15,19000
white,female,67.22272911,69,16,45000
black,male,64.10165869,33,17,5000
black,female,63.43395628,40,14,24000
white,female,67.07146923,19,14,5000
white,male,65.87795189,34,16,33000
white,female,65.22229373,24,14,24000
white,female,62.64250975,23,13,6000
white,female,66.43622616,55,14,90000
white,female,64.09800169,47,18,57000
white,male,70.74232355,54,14,13800
white,male,71.24931049,37,18,30000
white,male,71.70960994,40,12,15000
white,female,59.66460151,75,14,15000
white,male,69.78665137,29,12,31000
white,male,73.9972452,40,17,33000
white,male,67.55916017,61,18,30000
white,male,74.3389887,38,12,12000
white,male,75.00721317,22,12,5000
white,male,68.16158174,59,12,21000
white,female,62.58654811,46,18,28000
white,male,72.038752,31,12,12000
white,female,64.49413755,46,12,19000
white,female,62.60841562,35,14,6000
white,female,65.90542903,60,13,5300
white,female,60.87601186,28,13,15000
white,male,73.12188816,46,12,17000
black,female,65.54227513,78,12,4700
white,female,62.07427377,65,12,9500
white,male,64.53591151,22,12,1700
white,female,62.35349843,31,12,5400
white,male,68.11736218,31,12,10000
white,female,58.88041785,83,15,25000
white,female,68.42125853,43,16,35000
white,female,62.78643738,44,18,28000
white,female,62.76001463,40,12,42000
white,male,67.82704169,58,12,45000
white,female,64.15769903,51,12,55000
white,female,70.10556287,30,16,36000
white,male,70.27166758,31,10,25000
white,male,72.18898554,28,12,19000
white,male,68.90136464,50,11,38000
white,female,63.07259176,37,14,15000
white,female,57.97290083,85,5,4500
white,female,63.1198862,27,14,96000
white,female,62.70555523,47,12,11000
white,male,72.5743074,34,15,9000
white,female,69.41362739,24,14,5000
white,male,69.82503798,51,12,50000
white,female,64.89705071,44,13,6000
white,male,71.51571964,22,13,1.00E+05
white,female,61.91615744,46,13,16500
white,male,71.60781911,40,14,32000
white,male,72.75964386,41,18,30000
white,female,67.91167374,42,16,10000
white,female,66.13226316,19,12,15000
white,female,59.9059818,83,8,6500
white,female,60.30742627,63,18,26000
white,female,64.87639557,59,12,17000
other,female,62.80542447,59,18,22000
white,female,63.9352294,41,12,10000
white,male,70.50474596,58,14,50000
white,male,67.17893189,35,12,20000
white,female,62.90286876,31,12,400
white,female,65.08064938,59,14,16000
white,female,66.42655773,66,12,10000
white,female,62.94000921,58,13,14000
white,female,65.19971929,20,15,5000
white,male,73.78850542,34,16,40000
white,female,67.1885961,55,13,5000
white,female,67.54550789,47,17,25000
white,female,65.25626089,51,12,12000
white,female,63.70217973,34,16,58000
white,female,67.83460286,26,16,18000
white,male,65.48821445,18,12,1000
white,male,71.7643816,47,17,21000
black,male,65.69803518,62,12,11000
white,female,63.66103394,36,12,13000
other,female,59.63484325,88,16,20000
black,male,71.69116021,35,12,25000
white,female,63.51512565,43,12,600
black,male,67.28185383,26,14,25000
white,male,67.84665714,28,12,36000
other,female,64.05578566,33,13,15000
white,female,65.62335196,51,12,3500
white,female,64.61287335,34,16,19005
white,male,70.36269642,54,14,62000
white,male,70.13581577,42,12,25000
white,male,66.03881676,52,12,50000
white,male,65.66768434,61,12,40000
white,male,73.68208046,26,18,26000
white,female,62.23429931,48,12,22000
white,female,65.58046967,39,17,21000
white,female,62.34290796,65,12,6108
black,female,64.71664797,64,18,30000
white,female,63.41644062,78,12,6000
white,male,70.93384204,29,16,27000
white,female,65.78462934,42,16,4000
other,female,61.52156347,72,6,4416
white,female,63.13920376,87,10,5000
white,male,66.56994118,40,18,45000
white,female,60.76265085,45,14,18000
white,female,66.4024123,22,15,6000
white,male,72.40008758,24,12,14000
white,female,69.32628616,24,14,35000
white,female,64.14804833,29,16,15000
black,female,62.50257785,29,12,12000
white,female,59.6361776,47,12,1000
black,male,69.84609059,33,15,32000
white,male,72.79965179,19,12,1500
black,female,64.87412265,23,16,3000
white,female,64.27538942,42,12,35000
white,male,71.6051603,48,15,70000
white,female,67.13204369,28,16,21000
white,male,69.10554371,18,11,50000
white,male,70.90078558,21,9,15000
black,female,65.99266421,35,8,9000
black,female,63.21551076,25,14,10000
white,male,71.37289408,47,12,30000
white,male,72.07875591,21,14,16000
white,male,67.93926673,51,12,20000
white,male,71.94711213,54,17,1.00E+05
white,female,65.66242218,43,12,10000
white,male,66.47077401,63,14,35000
white,female,65.42764126,31,16,7000
black,male,71.35957916,27,14,8000
white,male,73.69928112,50,10,11000
white,male,70.20954556,47,9,25000
white,female,64.33590164,45,14,25000
white,male,69.23576673,48,14,30000
white,female,63.16802633,34,18,48000
white,female,67.97178429,46,12,17000
white,male,72.63629506,24,16,26000
white,female,62.64563933,61,12,10000
white,male,71.15193853,53,18,60000
white,female,64.94457581,29,18,22000
white,female,64.22718792,83,13,6200
white,female,64.74689624,32,16,24000
white,male,70.69914276,40,14,20000
white,female,69.61523204,30,14,7000
black,female,67.70269807,48,16,30000
white,female,66.09329125,28,18,23000
white,female,64.3995665,40,12,20000
white,female,65.88018538,29,16,3000
white,male,69.73542756,41,16,30000
white,female,63.79240829,23,14,12000
white,male,70.60792463,38,12,40000
white,female,63.83649949,23,14,15000
white,female,63.41337603,45,16,36000
white,female,66.23722097,53,12,10000
white,female,68.38070624,48,14,13000
black,female,61.52425425,27,12,10000
black,male,68.53243422,37,12,30000
white,male,64.46455829,32,13,23000
white,male,69.60981205,68,17,20000
white,female,65.37075393,82,13,19000
black,male,60.7510785,66,11,20000
black,male,63.99365606,63,14,28000
white,female,64.58116374,80,10,13000
white,male,64.13895229,75,12,12000
white,male,69.3012936,23,11,20000
white,male,73.63658129,30,12,25000
white,female,68.19243049,52,13,25000
white,female,66.59645932,40,16,18000
white,female,61.80107459,68,10,6000
white,male,72.24264419,23,13,16000
white,male,73.46034146,38,16,45000
white,male,69.87075788,69,14,25000
white,female,63.51996605,38,14,12000
white,female,68.21243351,18,12,2000
white,female,62.91206546,18,12,10000
white,male,70.72025687,36,12,14000
white,female,63.74181243,31,12,15000
white,female,60.36110787,39,12,10000
white,female,65.76631737,64,4,1200
white,female,58.92336405,62,14,15000
white,female,63.1004373,64,13,10000
white,male,66.20176622,18,12,2000
white,female,65.44585027,33,13,4000
white,female,64.39270829,32,14,10000
white,female,65.77418028,23,12,1500
hispanic,male,65.50058268,26,17,18000
white,male,72.89740447,24,15,4000
white,male,72.44737052,26,16,28000
white,female,74.32627922,22,14,10000
white,female,64.6559894,22,16,3000
white,male,70.61206983,21,12,12000
white,female,68.07567655,45,13,19000
white,male,70.49066375,39,16,36000
white,female,64.21713145,59,16,7000
white,female,58.72468382,34,11,35000
white,male,67.90288028,43,18,40000
white,male,67.93033699,25,14,15000
white,female,68.82436522,43,13,8000
white,female,69.43574369,55,14,25000
white,male,75.26532386,38,18,28000
white,male,69.13342033,35,14,22000
black,male,72.04505882,24,13,21500
white,female,68.33676267,23,12,3000
white,male,71.53957462,28,13,23000
white,male,72.3549481,73,12,18000
white,male,67.29745543,71,16,20000
hispanic,female,63.21394254,46,12,16000
white,male,69.21807874,26,12,15000
hispanic,female,62.87643981,32,17,53000
white,male,72.30502775,27,12,26000
other,female,65.43678299,28,12,4000
white,male,72.68582646,59,16,10000
white,male,69.12368046,51,12,43000
other,male,68.80012333,33,14,17000
hispanic,female,61.49718641,38,12,4000
white,male,73.19213414,48,15,50000
white,female,66.86295997,51,18,55000
white,female,63.07393481,41,16,28000
white,female,62.15913715,48,14,5000
white,female,65.39748896,49,13,18000
hispanic,male,71.56490138,62,15,21000
white,female,67.19160234,33,12,12000
hispanic,female,65.4967554,62,16,33000
hispanic,male,72.42629703,64,13,50000
hispanic,female,65.38834306,74,9,6000
white,female,63.81681946,59,14,16000
white,male,68.2084199,50,12,35000
white,female,68.2921116,43,12,25000
white,male,76.38235892,26,14,20000
white,female,62.61693468,36,12,18000
white,male,74.3972182,78,14,34000
white,male,68.47598251,25,16,25000
white,male,72.08175949,77,17,20000
white,male,67.56833714,69,12,33000
white,female,64.54942883,73,12,4000
white,female,60.10433812,77,8,20000
white,male,72.36484842,33,16,40000
white,female,63.72688755,40,14,14000
white,female,68.01106719,48,12,12000
white,female,61.14690149,31,12,25000
white,female,67.08764593,72,10,70000
white,female,67.20367768,55,17,38000
white,female,63.04841667,28,12,14000
white,female,60.24539708,37,13,15000
white,male,73.56449998,31,16,17000
white,male,68.8187892,66,14,60000
white,female,66.74729962,69,15,15000
white,male,64.91763443,86,16,25000
hispanic,male,62.20893278,63,12,18000
white,male,71.82154158,47,18,70000
white,female,64.57803294,59,18,30000
white,female,62.3622856,51,12,8000
white,male,70.92462479,34,16,30000
white,male,71.35941083,32,14,27000
white,male,70.07702359,43,18,47000
hispanic,male,66.55482376,22,12,12000
white,female,61.77155792,34,17,24000
hispanic,female,62.89387013,35,12,13000
white,female,60.81634956,37,14,80000
white,male,71.81257574,18,12,5000
white,female,62.51971848,60,10,25000
white,male,65.83384499,44,12,28000
white,female,64.12672119,20,15,8000
white,female,66.43377774,51,13,10000
white,female,68.26159186,41,14,9000
white,female,59.55762356,37,12,20000
white,male,65.18920345,71,12,12000
white,female,64.76620056,66,14,15000
white,female,61.33604968,36,14,20000
white,female,63.90803001,36,14,28000
white,female,65.98171716,21,15,265
white,male,69.35290808,74,14,35000
hispanic,female,65.99868824,32,14,26000
white,female,66.64219578,34,17,27000
white,female,68.3784564,30,12,14000
white,male,65.51631812,33,16,32000
white,female,69.09659387,32,14,10000
white,male,69.32438184,30,16,7000
white,male,71.01264519,46,17,28000
white,male,73.87645668,54,13,60000
white,male,68.5399655,62,4,12000
white,female,75.15666002,75,13,15000
white,male,71.85208292,63,11,15000
white,female,64.38788805,32,15,26000
hispanic,male,71.68614656,25,16,26000
black,female,62.75756867,36,10,18720
black,female,63.80685747,73,12,12000
white,male,70.4283587,39,17,80000
white,female,66.41483628,39,13,48000
other,male,62.4987126,27,16,18000
white,male,69.73083269,65,15,85000
black,female,63.6405911,47,12,35000
white,male,68.70302328,22,16,5000
hispanic,female,64.18300504,22,13,9000
white,female,67.13533046,27,16,30000
white,male,71.67133336,58,14,80000
white,female,65.06635863,32,16,35000
white,female,63.38768808,34,14,12000
white,male,69.66276413,34,18,2.00E+05
white,female,64.2087081,45,16,4000
white,male,68.04927626,18,12,2000
white,female,65.95545664,69,18,24000
hispanic,male,66.3163455,23,15,2000
white,male,69.68933276,30,17,15000
white,female,62.25103435,65,12,6000
white,male,65.91611322,75,12,5000
hispanic,female,66.49010548,21,12,1500
white,female,63.54175663,48,18,28000
white,female,69.91640864,35,12,9000
white,male,74.14909916,52,14,60000
white,male,65.50047831,19,12,1200
hispanic,female,61.64302291,64,3,1400
white,female,66.43334281,43,13,7000
white,female,62.27001571,31,12,21000
white,male,69.05177852,58,12,44000
black,male,67.69979999,36,16,29000
hispanic,male,71.82784908,18,14,3000
black,male,64.32170257,22,13,12000
hispanic,male,72.47294426,28,12,20000
black,female,61.72064359,73,5,1200
white,male,73.76300888,25,16,37000
other,male,66.28668867,60,10,8000
hispanic,male,67.89219734,30,16,35000
other,male,61.94550805,37,14,25000
white,female,71.1757075,29,10,18000
black,female,62.52137326,36,16,30000
white,male,69.24438206,69,18,20000
hispanic,male,71.20132672,40,6,12000
white,female,65.93158199,68,12,10000
white,male,71.89919003,48,14,18000
black,male,72.11578227,26,12,20000
white,female,67.54589484,43,16,31000
hispanic,male,63.50633504,36,10,6000
white,male,69.84663837,40,13,12000
white,female,66.3597141,33,16,13000
white,female,66.51458172,34,17,26000
black,female,68.06512502,31,11,15000
white,female,63.77364984,28,17,30000
white,female,64.70482859,41,14,2000
other,male,69.95972129,22,13,5000
white,female,71.26887988,26,14,53000
white,female,61.8733625,18,13,2000
white,male,70.85695431,29,17,25000
white,male,74.30637389,18,12,5000
white,female,64.20480524,27,13,21000
white,female,69.74731735,27,15,17000
white,female,64.0015859,37,13,12000
hispanic,male,69.6259126,44,14,42000
white,male,73.66522424,33,12,21000
hispanic,female,62.72193884,65,12,6000
white,male,73.55018907,24,14,25000
white,female,66.08877346,19,14,3000
white,female,65.39047785,67,15,3600
white,male,70.9189045,19,12,4000
white,male,68.52424985,58,14,20000
white,male,60.29879122,50,15,52000
white,female,64.01087123,43,12,60000
white,female,63.81616972,41,13,15000
white,male,71.89981083,50,16,90000
white,female,61.41213491,65,14,26000
white,male,68.69143395,21,12,2000
white,female,67.11030016,61,12,16000
hispanic,female,64.56857588,27,11,24000
hispanic,male,68.26173676,28,16,15000
white,male,74.42452398,43,17,42000
white,female,65.19332902,43,12,10000
hispanic,male,70.70129909,36,13,17000
white,female,64.43979969,34,14,30000
white,female,68.86162531,37,17,32000
hispanic,female,64.38677808,34,17,36000
hispanic,male,71.90195809,20,13,10000
white,female,62.55288525,29,15,20000
white,female,64.88606794,29,12,24000
white,male,71.65621121,32,12,17000
white,female,65.15171275,48,14,23000
white,female,64.28044952,33,12,25000
white,male,70.88340739,50,12,50000
white,female,61.76661529,30,12,20000
white,female,66.27003305,33,16,30000
white,female,64.07142134,39,10,7000
white,male,66.80598608,78,10,7000
white,male,68.07656199,32,11,30000
white,female,65.75189097,24,12,3000
white,female,66.01493875,43,14,20000
white,female,65.76546694,59,16,40000
white,male,66.74771387,77,12,10000
white,male,66.14088681,37,12,16000
white,female,63.3003661,51,9,11000
white,female,67.61928205,43,13,16000
white,male,70.42987008,27,12,18000
white,female,62.62478214,26,16,12000
black,male,69.9880636,21,14,4000
white,male,71.81932456,45,12,60000
white,male,74.77191654,40,17,43000
white,female,61.96559801,39,14,31000
white,female,68.21042316,39,17,50000
white,female,68.04934586,29,14,27000
white,male,70.49075496,56,17,30000
black,male,73.38320556,21,13,12000
white,female,62.13713215,30,17,20000
black,female,59.77628987,76,12,15000
other,female,64.15964764,37,16,25000
hispanic,female,60.19709941,67,6,2000
hispanic,male,73.26521355,20,15,3000
other,female,66.312035,48,18,110000
white,male,68.99588958,71,18,55000
white,male,70.34336983,53,18,58000
white,female,70.0562757,36,16,10000
white,male,72.16573306,29,12,19000
white,female,61.13579953,82,18,15000
white,female,63.66416353,33,12,8000
white,male,71.9258358,50,12,60000
white,male,68.36848621,27,12,6000
